"Progetto";"Tipo";"MW";"BESS MW";"Regione";"Provincia";"Comuni";"Developer";"Fase";"Stato";"Civili";"Erection";"COD";"Contractor";"Focus"
"Carlentini";"Repowering";"97";"0";"Sicilia";"Siracusa";"Carlentini";"ERG";"Construction";"Repowering in costruzione";"2026–2027";"2026–2027";"Q2 2027";"BFP | Gruppo Mammana | Hydro Engineering | Vestas";"Contractor network / supporto cantiere"
"ALAS";"Greenfield";"66";"0";"Sardegna";"Sassari";"Sardegna";"RWE";"Construction";"Costruzione avviata 2026";"2026–2027";"Da verificare";"2027";"F.lli Pisci";"Confermare ruolo F.lli Pisci e altri contractor"
"Alia-Sclafani-Valledolmo";"Repowering";"55";"0";"Sicilia";"Palermo";"Alia; Sclafani Bagni; Valledolmo";"Asja";"Construction";"Erection pianificato 21/08/2026–05/11/2026";"29/07/2025–09/02/2026";"21/08/2026–05/11/2026";"14/01/2027";"SOCEP | Vestas";"Erection support / Electrical BoP / SSE / logistica"
"Serra Palino";"Greenfield";"47";"0";"Puglia";"Foggia";"Area Foggiano";"RWE";"Construction";"In costruzione";"2025–2026";"2026";"entro fine 2026";"D'Agostino Costruzioni Generali | Energy&";"Cantiere attivo: fabbisogni residui e relazione contractor"
"Venusia";"Greenfield";"45";"0";"Basilicata";"Potenza";"Venosa / area Potenza";"RWE";"Construction";"Civili completati / ingresso turbinista";"2025–2026";"2026";"fine 2026";"EGM Project | Energy& | Idoka Costruzioni";"Erection / logistica / supporto turbinista"
"Greci-Montaguto";"Repowering";"43.8";"0";"Campania";"Avellino";"Greci; Montaguto";"ERG";"Construction";"Cantiere avviato marzo 2026";"03/2026–2027";"Da verificare";"estate 2027";"Vestas";"Identificare Civil/Electrical BoP e dismantling"
"Serra Giannina";"Greenfield";"42";"0";"Puglia";"Foggia";"Area Foggiano";"RWE";"Construction";"BoP civile/cavidotti in esecuzione";"BoP ≈ 5 mesi; cantiere attivo 2026";"Da verificare";"2027";"D'Agostino Costruzioni Generali | EGM Project";"Confermare Civil BoP; seguire transizione a erection"
"Tricarico";"Greenfield";"42";"0";"Basilicata";"Matera";"Tricarico";"Idoka / Adest";"Construction";"In costruzione";"2026–2027";"H2 2026–2027";"H2 2027";"Idoka Costruzioni | Vector Renewables | Vestas";"Chiarire affidamento BoP; target Idoka"
"Castelfranco in Miscano / CER";"Repowering";"30";"0";"Campania";"Benevento";"Castelfranco in Miscano";"IP Gruppo api / CER Campana Energie Rinnovabili";"Construction";"WTG H2 2026; SSE completamento H1 2027";"2026–H1 2027";"H2 2026";"H1 2027";"Energy& | PLC System | Vestas";"Electrical/SSE e supporto erection"
"Tarsia Ovest";"Greenfield";"13";"0";"Calabria";"Cosenza";"Tarsia";"Plenitude";"Construction";"Costruzione avviata; SSE nel 2026";"11/2025–2026";"2026";"Da verificare";"Delta | Idoka Costruzioni | Michelangelo Mammana | PLC System";"Cantiere attivo; monitorare RTI e sottocontratti"
"Andretta-Bisaccia";"Repowering";"88.5";"0";"Campania";"Avellino";"Andretta; Bisaccia; Vallata";"Edison";"Pre-construction";"Apertura cantiere pianificata 02/11/2026";"13/11/2026–28/04/2027";"06/12/2027–28/04/2028";"10/08/2028";"Progeco Group | Vestas";"Identificare Civil BoP / Electrical BoP prima della mobilitazione"
"Nulvi-Ploaghe";"Repowering";"121.5";"0";"Sardegna";"Sassari";"Nulvi; Ploaghe";"ERG";"Authorized";"Autorizzato; Route-to-Market; procurement watch";"Da definire";"Da definire";"Da definire";"Hydro Engineering";"Intercettare Civil/Electrical BoP prima della mobilitazione"
"Sava-Maruggio";"Greenfield";"132";"50";"Puglia";"Taranto";"Sava; Maruggio";"";"Advanced permitting";"VIA positiva 20/05/2025";"Da definire";"Da definire";"Da definire";"";"Cercare AU/procurement e contractor"
"Fenice";"Greenfield";"367.2";"0";"Puglia";"Foggia";"Puglia";"NVA Fenice";"Permitting";"In attesa concerto";"Da definire";"Da definire";"Da definire";"";"Monitorare passaggio a autorizzato/procurement"
"Toritto";"Greenfield";"108";"50";"Puglia";"Bari";"Toritto";"Evolve";"Permitting";"VIA / progettazione avanzata; cronoprogramma ~18 mesi";"~18 mesi da avvio";"Da definire";"Da definire";"";"Monitorare autorizzazione e primo procurement"
"Volturino";"Greenfield";"102";"0";"Puglia";"Foggia";"Volturino";"GreenIT";"Permitting";"Istruttoria tecnica; documentazione progettuale ricca";"Da definire";"Da definire";"Da definire";"";"Monitorare transizione a advanced permitting / procurement"
"Lama Cupa";"Greenfield";"98";"30";"Puglia";"Brindisi";"Puglia";"Acciona";"Permitting";"VIA / integrazioni";"Da definire";"Da definire";"Da definire";"";"Monitorare evoluzione autorizzativa e procurement"