primary_segment;count;total_value_eur;avg_score
Edilizia;305832;423485259499.0;71.38
Lavori pubblici strade;108126;182294850787.0;65.96
Impiantisti sottoservizi;84565;169925291650.0;67.0
Completamento e finitura edifici;6035;10163467853.0;63.65
Impiantisti;3422;5768464135.0;56.33
Altro;1994;6485116586.0;47.22
Industria;1957;4924793493.0;58.99
Demolizioni;383;694827241.0;53.98
Verde;274;754268285.0;53.84
Agricoltura / silvicoltura;178;412951228.0;53.57
Bonifiche e gestione rifiuti;42;108363829.0;50.31
