id;project;type;region;province;municipalities;mw_wind;bess_mw;area_ha;developer;spv;stage_code;stage_label;construction_start;civil_start;civil_end;electrical_start;electrical_end;wtg_delivery_start;wtg_delivery_end;erection_start;erection_end;commissioning_start;commissioning_end;cod;civil_bop;electrical_bop;oem;engineering_dl;supervision;dismantling;logistics;contractor_note;evidence_grade;confidence;sources;last_verified;notes
andretta-bisaccia;Andretta-Bisaccia;Repowering;Campania;Avellino;Andretta|Bisaccia|Vallata;88.5;;;Edison Rinnovabili;;E6;Pre-mobilisation;2026-11-02;2026-11-13;2027-04-28;2027-03-15;2028-01-24;2027-12-06;2028-03-31;2027-12-06;2028-04-28;2028-01-10;2028-08-10;2028-08-10;;;Vestas;;Progeco Group;;;Civil/Electrical BoP ancora da identificare. Progeco è supervisione, non main contractor.;A1;Alta;file:PC3_1_Piano_Cantierizzazione_IR_Andretta_Bisaccia_signed.pdf|https://www.vestas.com/;2026-09-30;Apertura cantiere principale prevista 02/11/2026.
alia-sclafani;Alia-Sclafani Bagni-Valledolmo;Repowering;Sicilia;Palermo;Alia|Sclafani Bagni|Valledolmo;55;;;Asja Energy Group;;E7;Construction / erection;2025-06-03;2025-07-29;2026-02-09;2026-05-21;2026-09-09;2026-07-22;2026-08-20;2026-08-21;2026-11-05;2027-01-07;2027-01-14;2027-03-03;;;Vestas;;;;;SOCEP è incumbent storico Asja sul sito, ma non confermato sul repowering attuale.;A1;Alta;file:031_IT_EOL_E-REAL_PDF_C_RT_031b.pdf|https://www.vestas.com/en/media/company-news/2026/vestas-announces-two-new-orders-for-a-total-of-97-mw-c4329411;2026-09-30;Erection prevista attiva alla data di verifica.
serra-giannina;Serra Giannina;Greenfield;Basilicata;Potenza;Genzano di Lucania|Banzi;42;;;RWE Renewables Italia;;E7;Construction;2026-05-21;2026-04-27;;;;;;;2026-09-14;;;;D'Agostino Costruzioni Generali;;;EGM Project;;;;D'Agostino: forte evidenza operativa/mobilitazione, contratto BoP da consolidare. EGM presente in DL.;B;Media-Alta;file:Cronoprogramma_-_Serra_Giannina.pdf|https://www.rwe.com/en/press/rwe-renewables-europe-australia/2026-05-21-rwe-starts-construction-of-42-megawatt-onshore-wind-farm-in-italy/;2026-09-30;Cronoprogramma BoP di circa 5 mesi; date calendario ricostruite con cautela.
serra-palino;Serra Palino;Greenfield;Puglia;Foggia;;47;;;RWE Renewables Italia;;E7;Construction;2025-10-23;;;;;;;;;;;;2026-12-31;D'Agostino Costruzioni Generali;;;;;;;D'Agostino confermata su opere civili ed elettromeccaniche.;A2;Alta;https://it.rwe.com/ufficio-stampa/2025-10-23-rwe-avvia-la-costruzione-di-due-parchi-eolici-onshore-in-italia/;2026-09-30;Commissioning previsto entro fine 2026.
venusia;Venusia;Greenfield;Basilicata;Potenza;Venosa|Melfi|Rapolla|Maschito;45;;;RWE Renewables Italia;;E7;Construction;2025-10-23;;;;;;;;;;;;2026-12-31;Idoka Costruzioni;;;EGM Project;Energy&;;;Idoka ha dichiarato completate le proprie attività e sito pronto per ingresso turbinista.;A2;Alta;https://it.rwe.com/ufficio-stampa/2025-10-23-rwe-avvia-la-costruzione-di-due-parchi-eolici-onshore-in-italia/|https://va.mite.gov.it/it-IT/Oggetti/Info/7125;2026-09-30;Configurazione in costruzione RWE: 8 turbine da 5,6 MW.
alas;ALAS;Greenfield;Sardegna;Sassari;Ittiri|Villanova Monteleone;66;;;RWE Renewables Italia;;E7;Construction;2026-02-26;;;;;;;;;;;;2027-12-31;F.lli Pisci;;;;;;;;F.lli Pisci è forte segnale operativo; contratto specifico da consolidare.;B;Media-Alta;https://www.rwe.com/en/press/rwe-renewables-europe-australia/2026-02-26-high-speed-growth-in-italy/|https://va.mite.gov.it/it-IT/Oggetti/Info/7677;2026-09-30;10 turbine da 6,6 MW; commissioning previsto nel 2027.
carlentini;Carlentini;Repowering;Sicilia;Siracusa;Carlentini;97;;;ERG;;E7;Construction;2026-01-01;;;;;;;;;;;;2027-06-30;Gruppo Mammana;;Vestas;Hydro Engineering;;;;Mammana su fondazioni/getti; Hydro su fondazioni/DL. Main BoP generale non ancora risolto.;A2;Alta;https://www.erg.eu/it/-/due-nuovi-progetti-di-repowering-eolico-per-complessivi-141mw-aggiudicatari-in-asta-ferx|https://www.vestas.com/en/media/company-news/2025/vestas-announces-four-new-orders-for-a-total-of-289-mw-c4287390;2026-09-30;COD indicativo Q2 2027.
greci-montaguto;Greci-Montaguto;Repowering;Campania;Avellino;Greci|Montaguto;43.8;;;ERG;;E7;Construction;2026-03-01;;;;;;;;;;;;2027-08-31;;;Vestas;;;;;Civil/Electrical/dismantling contractor ancora da identificare.;A2;Alta;https://www.erg.eu/it/-/kick-off-meeting-for-the-greci-montaguto-repowering-project|https://www.vestas.com/en/media/company-news/2025/vestas-announces-four-new-orders-for-a-total-of-289-mw-c4287390;2026-09-30;Fine/commissioning indicato per estate 2027.
nulvi-ploaghe;Nulvi-Ploaghe;Repowering;Sardegna;Sassari;Nulvi|Ploaghe;121.5;;;ERG;;E5;Authorized / procurement watch;;;;;;;;;;;;;;;Hydro Engineering;;;;;Completamente autorizzato e Route-to-Market; contractor esecutivi non ancora pubblici.;A2;Alta;https://www.erg.eu/it/-/il-consiglio-di-amministrazione-di-erg-s.p.a.-approva-i-risultati-consolidati-del-primo-trimestre-2026;2026-09-30;Lead prioritario: procurement da intercettare prima della mobilitazione.
tricarico;Tricarico;Greenfield;Basilicata;Matera;Tricarico;42;;;Idoka / Adest;Adest S.r.l.;E6;Procurement / construction preparation;2026-01-01;;;;;;;;2026-07-01;2026-12-31;;;2027-01-01;2027-12-31;2027-12-31;Idoka Costruzioni;;Vestas;;Vector Renewables;;;Idoka è promotore/costruttore molto vicino al progetto, ma ruolo main BoP da formalizzare.;B;Media-Alta;https://www.vestas.com/en/media/company-news/2026/vestas-announces-two-new-orders-for-a-total-of-97-mw-c4329411;2026-09-30;Vestas: consegna H2 2026 e commissioning 2027.
tarsia-ovest;Tarsia Ovest;Greenfield;Calabria;Cosenza;Tarsia;13;;;Plenitude;;E7;Construction;2025-11-27;;;;;;;;;;;;2026-12-31;Idoka Costruzioni|Michelangelo Mammana|Delta;PLC System;;;;;RTI confermata; PLC realizza la SSE MT/AT nel 2026.;A2;Alta;https://corporate.eniplenitude.com/it/media/comunicati-stampa/energie-rinnovabili/27-11-2025-Plenitude-avvia-la-costruzione-di-un-parco-eolico-in-Calabria-da-13-MW|https://www.plc-spa.it/plc-system-nuovo-contratto-per-il-parco-eolico-tarsia-ovest/;2026-09-30;3 turbine da 4,3 MW.
sava-maruggio;Sava-Maruggio;Greenfield + BESS;Puglia;Taranto;Sava|Maruggio;132;50;;;;E3;Advanced permitting;;;;;;;;;;;;;;; ;;;;;VIA positiva; contractor non emersi.;A2;Alta;https://va.mite.gov.it/it-IT/Comunicazione/DettaglioUltimiProvvedimenti/5298;2026-09-30;Tenere BESS separato dai MW eolici.
toritto;Toritto;Greenfield + BESS;Puglia;Bari;Toritto;108;50;;Evolve S.r.l.;;E2;Permitting / project development;;;;;;;;;;;;;;; ;;;;;Cronoprogramma progettuale disponibile; durata costruzione indicata circa 18 mesi ma avvio non ancora canonico.;A1;Alta;https://va.mite.gov.it/it-IT/Oggetti/MetadatoDocumento/1257559;2026-09-30;MYTERNA 202407665.
volturino;Volturino;Greenfield;Puglia;Foggia;Volturino;102;;;GreenIT;;E2;Permitting / technical design;;;;;;;;;;;;;;; ;;;;;Documentazione tecnica avanzata, procurement non pubblico.;A2;Alta;https://va.mite.gov.it/en-GB/Oggetti/Documentazione/11819/18156;2026-09-30;17 turbine da 6 MW; MYTERNA 202401311.
lama-cupa;Lama Cupa;Greenfield + BESS;Puglia;;;98;30;;Acciona;;E2;Permitting / integrations;;;;;;;;;;;;;;; ;;;;;Configurazione pubblica 98 MW wind + 30 MW BESS; contractor non pubblico.;A2;Alta;https://va.mite.gov.it/it-IT/Oggetti/Info/11203;2026-09-30;MYTERNA 202304180.